date,new_count,returning_count,lapsed_count,reactivated_count,new_percent,returning_percent,lapsed_percent,reactivated_percent
01/01/2020,4,0,0,0,100%,0%,0%,0%
02/01/2020,2,5,0,0,29%,71%,0%,0%
03/01/2020,2,9,0,0,18%,82%,0%,0%
04/01/2020,2,12,0,0,14%,86%,0%,0%
05/01/2020,1,17,0,0,6%,94%,0%,0%
06/01/2020,0,24,0,0,0%,100%,0%,0%
07/01/2020,1,31,0,0,3%,97%,0%,0%
08/01/2020,3,37,0,0,8%,93%,0%,0%
09/01/2020,1,46,0,0,2%,98%,0%,0%
10/01/2020,1,54,0,0,2%,98%,0%,0%
11/01/2020,4,60,0,0,6%,94%,0%,0%
12/01/2020,2,66,0,0,3%,97%,0%,0%
13/01/2020,2,75,0,0,3%,97%,0%,0%
14/01/2020,2,86,0,0,2%,98%,0%,0%
15/01/2020,5,98,0,0,5%,95%,0%,0%
16/01/2020,2,106,0,0,2%,98%,0%,0%
17/01/2020,2,113,0,0,2%,98%,0%,0%
18/01/2020,3,125,0,0,2%,98%,0%,0%
19/01/2020,1,131,0,0,1%,99%,0%,0%
20/01/2020,5,145,0,0,3%,97%,0%,0%
21/01/2020,3,163,0,0,2%,98%,0%,0%
22/01/2020,1,172,0,0,1%,99%,0%,0%
23/01/2020,1,183,0,0,1%,99%,0%,0%
24/01/2020,6,196,0,0,3%,97%,0%,0%
25/01/2020,1,206,0,0,0%,100%,0%,0%
26/01/2020,1,212,0,0,0%,100%,0%,0%
27/01/2020,1,224,0,0,0%,100%,0%,0%
28/01/2020,1,231,0,0,0%,100%,0%,0%
29/01/2020,3,244,0,0,1%,99%,0%,0%
30/01/2020,1,255,0,0,0%,100%,0%,0%
31/01/2020,5,264,0,0,2%,98%,0%,0%
01/02/2020,1,277,0,0,0%,100%,0%,0%
02/02/2020,1,283,0,0,0%,100%,0%,0%
03/02/2020,1,288,0,0,0%,100%,0%,0%
04/02/2020,2,304,0,0,1%,99%,0%,0%
05/02/2020,1,314,0,0,0%,100%,0%,0%
06/02/2020,0,320,0,0,0%,100%,0%,0%
07/02/2020,3,335,0,0,1%,99%,0%,0%
08/02/2020,1,344,0,0,0%,100%,0%,0%
09/02/2020,2,348,0,0,1%,99%,0%,0%
10/02/2020,0,355,0,0,0%,100%,0%,0%
11/02/2020,2,362,0,0,1%,99%,0%,0%
12/02/2020,3,376,0,0,1%,99%,0%,0%
13/02/2020,8,394,0,0,2%,98%,0%,0%
14/02/2020,2,417,0,0,0%,100%,0%,0%
15/02/2020,0,427,0,0,0%,100%,0%,0%
16/02/2020,0,433,0,0,0%,100%,0%,0%
17/02/2020,3,448,0,0,1%,99%,0%,0%
18/02/2020,1,464,0,0,0%,100%,0%,0%
19/02/2020,1,475,0,0,0%,100%,0%,0%
20/02/2020,5,491,0,0,1%,99%,0%,0%
21/02/2020,4,505,0,0,1%,99%,0%,0%
22/02/2020,1,516,0,0,0%,100%,0%,0%
23/02/2020,5,522,0,0,1%,99%,0%,0%
24/02/2020,3,542,0,0,1%,99%,0%,0%
25/02/2020,2,560,0,0,0%,100%,0%,0%
26/02/2020,3,571,0,0,1%,99%,0%,0%
27/02/2020,0,587,0,0,0%,100%,0%,0%
28/02/2020,3,597,0,0,1%,100%,0%,0%
29/02/2020,2,611,0,0,0%,100%,0%,0%
01/03/2020,4,619,0,0,1%,99%,0%,0%
02/03/2020,0,634,0,0,0%,100%,0%,0%
03/03/2020,0,640,0,0,0%,100%,0%,0%
04/03/2020,0,651,0,0,0%,100%,0%,0%
05/03/2020,2,663,0,0,0%,100%,0%,0%
06/03/2020,1,678,0,0,0%,100%,0%,0%
07/03/2020,0,688,0,0,0%,100%,0%,0%
08/03/2020,0,693,0,0,0%,100%,0%,0%
09/03/2020,1,705,0,0,0%,100%,0%,0%
10/03/2020,2,715,0,0,0%,100%,0%,0%
11/03/2020,6,735,0,0,1%,99%,0%,0%
12/03/2020,1,764,0,0,0%,100%,0%,0%
13/03/2020,4,773,0,0,1%,99%,0%,0%
14/03/2020,4,784,0,0,1%,99%,0%,0%
15/03/2020,2,798,0,0,0%,100%,0%,0%
16/03/2020,0,806,0,0,0%,100%,0%,0%
17/03/2020,2,818,0,0,0%,100%,0%,0%
18/03/2020,0,825,0,0,0%,100%,0%,0%
19/03/2020,2,833,0,0,0%,100%,0%,0%
20/03/2020,2,852,0,0,0%,100%,0%,0%
21/03/2020,4,864,0,0,0%,100%,0%,0%
22/03/2020,5,875,0,0,1%,99%,0%,0%
23/03/2020,4,889,0,0,0%,100%,0%,0%
24/03/2020,2,906,0,0,0%,100%,0%,0%
25/03/2020,4,919,0,0,0%,100%,0%,0%
26/03/2020,2,940,0,0,0%,100%,0%,0%
27/03/2020,2,951,0,0,0%,100%,0%,0%
28/03/2020,5,975,0,0,1%,99%,0%,0%
29/03/2020,3,995,0,0,0%,100%,0%,0%
30/03/2020,2,1012,0,0,0%,100%,0%,0%
31/03/2020,3,1029,0,0,0%,100%,0%,0%
01/04/2020,3,1050,0,0,0%,100%,0%,0%
02/04/2020,5,1068,0,0,0%,100%,0%,0%
03/04/2020,2,1083,0,0,0%,100%,0%,0%
04/04/2020,1,1105,0,0,0%,100%,0%,0%
05/04/2020,1,1119,0,0,0%,100%,0%,0%
06/04/2020,4,1133,0,0,0%,100%,0%,0%
07/04/2020,4,1158,0,0,0%,100%,0%,0%
08/04/2020,4,1176,0,0,0%,100%,0%,0%
09/04/2020,12,1228,0,0,1%,99%,0%,0%
10/04/2020,9,1278,0,0,1%,99%,0%,0%
11/04/2020,4,1305,0,0,0%,100%,0%,0%
12/04/2020,4,1331,0,0,0%,100%,0%,0%
13/04/2020,1,1354,0,0,0%,100%,0%,0%
14/04/2020,2,1376,0,0,0%,100%,0%,0%
15/04/2020,1,1399,0,0,0%,100%,0%,0%
16/04/2020,7,1420,0,0,0%,100%,0%,0%
17/04/2020,4,1438,0,0,0%,100%,0%,0%
18/04/2020,1,1452,0,0,0%,100%,0%,0%
19/04/2020,3,1467,0,0,0%,100%,0%,0%
20/04/2020,1,1481,0,0,0%,100%,0%,0%
21/04/2020,1,1493,0,0,0%,100%,0%,0%
22/04/2020,3,1504,0,0,0%,100%,0%,0%
23/04/2020,1,1524,0,0,0%,100%,0%,0%
24/04/2020,1,1547,0,0,0%,100%,0%,0%
25/04/2020,3,1566,0,0,0%,100%,0%,0%
26/04/2020,0,1581,0,0,0%,100%,0%,0%
27/04/2020,1,1599,0,0,0%,100%,0%,0%
28/04/2020,6,1610,0,0,0%,100%,0%,0%
29/04/2020,2,1635,0,0,0%,100%,0%,0%
30/04/2020,4,1660,0,0,0%,100%,0%,0%
01/05/2020,8,1680,0,0,0%,100%,0%,0%
02/05/2020,8,1705,0,0,0%,100%,0%,0%
03/05/2020,7,1729,0,0,0%,100%,0%,0%
04/05/2020,5,1765,0,0,0%,100%,0%,0%
05/05/2020,5,1800,0,0,0%,100%,0%,0%
06/05/2020,7,1832,0,0,0%,100%,0%,0%
07/05/2020,11,1866,0,0,1%,99%,0%,0%
08/05/2020,19,1919,0,0,1%,99%,0%,0%
09/05/2020,6,1969,0,0,0%,100%,0%,0%
10/05/2020,8,2008,0,0,0%,100%,0%,0%
11/05/2020,7,2045,0,0,0%,100%,0%,0%
12/05/2020,6,2081,0,0,0%,100%,0%,0%
13/05/2020,21,2161,0,0,1%,99%,0%,0%
14/05/2020,16,2246,0,0,1%,99%,0%,0%
15/05/2020,14,2317,0,0,1%,99%,0%,0%
16/05/2020,14,2367,0,0,1%,99%,0%,0%
17/05/2020,7,2430,0,0,0%,100%,0%,0%
18/05/2020,0,2466,0,0,0%,100%,0%,0%
19/05/2020,2,2495,0,0,0%,100%,0%,0%
20/05/2020,7,2508,0,0,0%,100%,0%,0%
21/05/2020,3,2535,0,0,0%,100%,0%,0%
22/05/2020,0,2554,0,0,0%,100%,0%,0%
23/05/2020,6,2574,0,0,0%,100%,0%,0%
24/05/2020,3,2596,0,0,0%,100%,0%,0%
25/05/2020,2,2612,0,0,0%,100%,0%,0%
26/05/2020,4,2632,0,0,0%,100%,0%,0%
27/05/2020,0,2654,0,0,0%,100%,0%,0%
28/05/2020,1,2682,0,0,0%,100%,0%,0%
29/05/2020,2,2709,0,0,0%,100%,0%,0%
30/05/2020,4,2746,0,0,0%,100%,0%,0%
31/05/2020,4,2781,0,0,0%,100%,0%,0%
01/06/2020,5,2803,0,0,0%,100%,0%,0%
02/06/2020,1,2822,0,0,0%,100%,0%,0%
03/06/2020,2,2847,0,0,0%,100%,0%,0%
04/06/2020,2,2874,0,0,0%,100%,0%,0%
05/06/2020,3,2904,0,0,0%,100%,0%,0%
06/06/2020,7,2928,0,0,0%,100%,0%,0%
07/06/2020,5,2952,0,0,0%,100%,0%,0%
08/06/2020,2,2979,0,0,0%,100%,0%,0%
09/06/2020,6,3013,0,0,0%,100%,0%,0%
10/06/2020,5,3039,0,0,0%,100%,0%,0%
11/06/2020,3,3066,0,0,0%,100%,0%,0%
12/06/2020,8,3098,0,0,0%,100%,0%,0%
13/06/2020,4,3133,0,0,0%,100%,0%,0%
14/06/2020,2,3157,0,0,0%,100%,0%,0%
15/06/2020,5,3189,0,0,0%,100%,0%,0%
16/06/2020,3,3213,0,0,0%,100%,0%,0%
17/06/2020,6,3247,0,0,0%,100%,0%,0%
18/06/2020,16,3329,0,0,0%,100%,0%,0%
19/06/2020,19,3423,0,0,1%,99%,0%,0%
20/06/2020,12,3532,0,0,0%,100%,0%,0%
21/06/2020,31,3629,0,0,1%,99%,0%,0%
22/06/2020,10,3743,0,0,0%,100%,0%,0%
23/06/2020,0,3779,0,0,0%,100%,0%,0%
24/06/2020,5,3801,0,0,0%,100%,0%,0%
25/06/2020,3,3841,0,0,0%,100%,0%,0%
26/06/2020,5,3878,0,0,0%,100%,0%,0%
27/06/2020,3,3902,0,0,0%,100%,0%,0%
28/06/2020,3,3930,0,0,0%,100%,0%,0%
29/06/2020,4,3966,0,0,0%,100%,0%,0%
30/06/2020,2,3995,0,0,0%,100%,0%,0%
01/07/2020,3,4027,0,0,0%,100%,0%,0%
02/07/2020,5,4054,4,0,0%,100%,0%,0%
03/07/2020,2,4080,7,0,0%,100%,0%,0%
04/07/2020,4,4096,11,0,0%,100%,0%,0%
05/07/2020,5,4121,14,0,0%,100%,0%,0%
06/07/2020,1,4144,18,0,0%,100%,0%,0%
07/07/2020,4,4175,24,0,0%,99%,1%,0%
08/07/2020,6,4213,32,0,0%,99%,1%,0%
09/07/2020,7,4262,40,0,0%,99%,1%,0%
10/07/2020,6,4321,47,0,0%,99%,1%,0%
11/07/2020,6,4353,55,0,0%,99%,1%,0%
12/07/2020,7,4396,64,0,0%,98%,1%,0%
13/07/2020,5,4424,68,0,0%,98%,2%,0%
14/07/2020,4,4463,77,0,0%,98%,2%,0%
15/07/2020,8,4484,88,0,0%,98%,2%,0%
16/07/2020,2,4522,103,0,0%,98%,2%,0%
17/07/2020,3,4557,108,0,0%,98%,2%,0%
18/07/2020,6,4587,115,0,0%,97%,2%,0%
19/07/2020,3,4621,128,0,0%,97%,3%,0%
20/07/2020,4,4619,132,0,0%,97%,3%,0%
21/07/2020,5,4639,150,0,0%,97%,3%,0%
22/07/2020,3,4675,166,0,0%,97%,3%,0%
23/07/2020,3,4693,173,0,0%,96%,4%,0%
24/07/2020,0,4707,184,0,0%,96%,4%,0%
25/07/2020,2,4736,202,0,0%,96%,4%,0%
26/07/2020,5,4764,207,0,0%,96%,4%,0%
27/07/2020,4,4784,213,0,0%,96%,4%,0%
28/07/2020,4,4807,225,0,0%,95%,4%,0%
29/07/2020,2,4817,232,0,0%,95%,5%,0%
30/07/2020,1,4831,247,0,0%,95%,5%,0%
31/07/2020,3,4834,256,0,0%,95%,5%,0%
01/08/2020,2,4837,269,0,0%,95%,5%,0%
02/08/2020,2,4853,278,0,0%,95%,5%,0%
03/08/2020,3,4863,284,0,0%,94%,6%,0%
04/08/2020,3,4862,289,0,0%,94%,6%,0%
05/08/2020,4,4888,306,0,0%,94%,6%,0%
06/08/2020,3,4912,315,0,0%,94%,6%,0%
07/08/2020,2,4923,320,0,0%,94%,6%,0%
08/08/2020,3,4936,338,0,0%,94%,6%,0%
09/08/2020,3,4943,345,0,0%,93%,7%,0%
10/08/2020,4,4959,350,0,0%,93%,7%,0%
11/08/2020,4,4990,355,0,0%,93%,7%,0%
12/08/2020,2,5004,364,0,0%,93%,7%,0%
13/08/2020,5,5026,379,0,0%,93%,7%,0%
14/08/2020,5,5040,402,0,0%,93%,7%,0%
15/08/2020,3,5060,419,0,0%,92%,8%,0%
16/08/2020,2,5069,427,0,0%,92%,8%,0%
17/08/2020,1,5077,433,0,0%,92%,8%,0%
18/08/2020,1,5104,451,0,0%,92%,8%,0%
19/08/2020,0,5128,465,0,0%,92%,8%,0%
20/08/2020,3,5130,476,0,0%,91%,8%,0%
21/08/2020,1,5142,496,0,0%,91%,9%,0%
22/08/2020,2,5162,509,0,0%,91%,9%,0%
23/08/2020,2,5181,517,0,0%,91%,9%,0%
24/08/2020,0,5179,527,0,0%,91%,9%,0%
25/08/2020,1,5184,545,0,0%,90%,10%,0%
26/08/2020,1,5191,562,0,0%,90%,10%,0%
27/08/2020,1,5203,574,0,0%,90%,10%,0%
28/08/2020,6,5222,587,0,0%,90%,10%,0%
29/08/2020,3,5256,600,0,0%,90%,10%,0%
30/08/2020,5,5313,600,0,0%,90%,10%,0%
31/08/2020,12,5380,600,0,0%,90%,10%,0%
01/09/2020,3,5409,613,0,0%,90%,10%,0%
02/09/2020,3,5435,623,0,0%,90%,10%,0%
03/09/2020,2,5459,634,0,0%,90%,10%,0%
04/09/2020,2,5471,640,0,0%,89%,10%,0%
05/09/2020,3,5477,651,0,0%,89%,11%,0%
06/09/2020,1,5493,665,0,0%,89%,11%,0%
07/09/2020,0,5501,679,0,0%,89%,11%,0%
08/09/2020,2,5517,688,0,0%,89%,11%,0%
09/09/2020,0,5532,693,0,0%,89%,11%,0%
10/09/2020,2,5548,706,0,0%,89%,11%,0%
11/09/2020,3,5548,717,0,0%,89%,11%,0%
12/09/2020,1,5547,741,0,0%,88%,12%,0%
13/09/2020,1,5551,765,0,0%,88%,12%,0%
14/09/2020,1,5564,777,0,0%,88%,12%,0%
15/09/2020,1,5577,788,0,0%,88%,12%,0%
16/09/2020,2,5604,800,0,0%,87%,12%,0%
17/09/2020,2,5606,806,0,0%,87%,13%,0%
18/09/2020,3,5625,820,0,0%,87%,13%,0%
19/09/2020,1,5645,825,0,0%,87%,13%,0%
20/09/2020,6,5660,835,0,0%,87%,13%,0%
21/09/2020,2,5679,854,0,0%,87%,13%,0%
22/09/2020,1,5698,868,0,0%,87%,13%,0%
23/09/2020,4,5718,880,0,0%,87%,13%,0%
24/09/2020,3,5740,893,0,0%,86%,13%,0%
25/09/2020,1,5751,908,0,0%,86%,14%,0%
26/09/2020,3,5750,923,0,0%,86%,14%,0%
27/09/2020,1,5767,942,0,0%,86%,14%,0%
28/09/2020,5,5794,953,0,0%,86%,14%,0%
29/09/2020,4,5831,980,0,0%,86%,14%,0%
30/09/2020,4,5874,998,0,0%,85%,15%,0%
01/10/2020,4,5893,1032,0,0%,85%,15%,0%
02/10/2020,2,5909,1053,0,0%,85%,15%,0%
03/10/2020,2,5923,1073,0,0%,85%,15%,0%
04/10/2020,3,5923,1085,0,0%,84%,15%,0%
05/10/2020,4,5942,1106,0,0%,84%,16%,0%
06/10/2020,3,5951,1120,0,0%,84%,16%,0%
07/10/2020,1,5954,1137,0,0%,84%,16%,0%
08/10/2020,0,5972,1162,0,0%,84%,16%,0%
09/10/2020,3,5938,1180,0,0%,83%,17%,0%
10/10/2020,3,5916,1240,0,0%,83%,17%,0%
11/10/2020,0,5922,1287,0,0%,82%,18%,0%
12/10/2020,4,5927,1309,0,0%,82%,18%,0%
13/10/2020,3,5945,1335,0,0%,82%,18%,0%
14/10/2020,4,5959,1355,0,0%,81%,19%,0%
15/10/2020,6,5984,1378,0,0%,81%,19%,0%
16/10/2020,1,5998,1400,0,0%,81%,19%,0%
17/10/2020,0,6010,1427,0,0%,81%,19%,0%
18/10/2020,4,6033,1442,0,0%,81%,19%,0%
19/10/2020,3,6047,1453,0,0%,81%,19%,0%
20/10/2020,7,6072,1470,0,0%,80%,19%,0%
21/10/2020,3,6095,1482,0,0%,80%,20%,0%
22/10/2020,2,6117,1494,0,0%,80%,20%,0%
23/10/2020,1,6115,1507,0,0%,80%,20%,0%
24/10/2020,2,6118,1525,0,0%,80%,20%,0%
25/10/2020,1,6124,1548,0,0%,80%,20%,0%
26/10/2020,3,6138,1569,0,0%,80%,20%,0%
27/10/2020,3,6145,1581,0,0%,80%,20%,0%
28/10/2020,5,6160,1600,0,0%,79%,21%,0%
29/10/2020,11,6186,1616,0,0%,79%,21%,0%
30/10/2020,3,6200,1637,0,0%,79%,21%,0%
31/10/2020,8,6228,1637,0,0%,79%,21%,0%
01/11/2020,4,6227,1664,0,0%,79%,21%,0%
02/11/2020,1,6221,1688,0,0%,79%,21%,0%
03/11/2020,1,6225,1713,0,0%,78%,22%,0%
04/11/2020,4,6211,1736,0,0%,78%,22%,0%
05/11/2020,3,6222,1770,0,0%,78%,22%,0%
06/11/2020,3,6226,1805,0,0%,77%,22%,0%
07/11/2020,8,6214,1839,0,0%,77%,23%,0%
08/11/2020,6,6196,1877,0,0%,77%,23%,0%
09/11/2020,7,6218,1938,0,0%,76%,24%,0%
10/11/2020,5,6225,1975,0,0%,76%,24%,0%
11/11/2020,6,6250,2016,0,0%,76%,24%,0%
12/11/2020,3,6258,2052,0,0%,75%,25%,0%
13/11/2020,1,6182,2087,0,0%,75%,25%,0%
14/11/2020,2,6116,2182,0,0%,74%,26%,0%
15/11/2020,5,6071,2262,0,0%,73%,27%,0%
16/11/2020,2,6058,2331,0,0%,72%,28%,0%
17/11/2020,3,6018,2381,0,0%,72%,28%,0%
18/11/2020,2,6018,2437,0,0%,71%,29%,0%
19/11/2020,2,6006,2466,0,0%,71%,29%,0%
20/11/2020,1,6019,2497,0,0%,71%,29%,0%
21/11/2020,3,6017,2515,0,0%,70%,29%,0%
22/11/2020,0,6037,2538,0,0%,70%,30%,0%
23/11/2020,4,6058,2554,0,0%,70%,30%,0%
24/11/2020,3,6094,2580,0,0%,70%,30%,0%
25/11/2020,4,6137,2599,0,0%,70%,30%,0%
26/11/2020,13,6172,2614,0,0%,70%,30%,0%
27/11/2020,23,6274,2636,0,0%,70%,30%,0%
28/11/2020,3,6320,2654,0,0%,70%,30%,0%
29/11/2020,6,6338,2683,0,0%,70%,30%,0%
30/11/2020,7,6345,2711,0,0%,70%,30%,0%
01/12/2020,0,6307,2785,0,0%,69%,31%,0%
02/12/2020,1,6310,2808,0,0%,69%,31%,0%
03/12/2020,7,6314,2823,0,0%,69%,31%,0%
04/12/2020,2,6312,2849,0,0%,69%,31%,0%
05/12/2020,1,6307,2876,0,0%,69%,31%,0%
06/12/2020,2,6297,2907,0,0%,68%,32%,0%
07/12/2020,2,6304,2935,0,0%,68%,32%,0%
08/12/2020,1,6312,2957,0,0%,68%,32%,0%
09/12/2020,7,6308,2981,0,0%,68%,32%,0%
10/12/2020,2,6325,3019,0,0%,68%,32%,0%
11/12/2020,4,6349,3044,0,0%,68%,32%,0%
12/12/2020,11,6369,3069,0,0%,67%,32%,0%
13/12/2020,10,6388,3106,0,0%,67%,33%,0%
14/12/2020,1,6417,3137,0,0%,67%,33%,0%
15/12/2020,0,6419,3159,0,0%,67%,33%,0%
16/12/2020,4,6434,3194,0,0%,67%,33%,0%
17/12/2020,2,6447,3216,0,0%,67%,33%,0%
18/12/2020,2,6390,3253,0,0%,66%,34%,0%
19/12/2020,2,6323,3345,0,0%,65%,35%,0%
20/12/2020,3,6265,3442,0,0%,65%,35%,0%
21/12/2020,8,6238,3544,0,0%,64%,36%,0%
22/12/2020,7,6194,3660,0,0%,63%,37%,0%
23/12/2020,2,6222,3753,0,0%,62%,38%,0%
24/12/2020,4,6236,3779,0,0%,62%,38%,0%
25/12/2020,1,6235,3806,0,0%,62%,38%,0%
26/12/2020,3,6221,3844,0,0%,62%,38%,0%
27/12/2020,2,6231,3883,0,0%,62%,38%,0%
28/12/2020,1,6230,3905,0,0%,61%,39%,0%
29/12/2020,0,6219,3933,0,0%,61%,39%,0%
30/12/2020,2,6215,3970,0,0%,61%,39%,0%
31/12/2020,2,6241,3970,0,0%,61%,39%,0%
01/01/2021,0,6216,3997,0,0%,61%,39%,0%
02/01/2021,1,6203,4034,0,0%,61%,39%,0%
03/01/2021,2,6196,4066,0,0%,60%,40%,0%
04/01/2021,2,6200,4093,0,0%,60%,40%,0%
05/01/2021,4,6195,4114,0,0%,60%,40%,0%
06/01/2021,1,6198,4144,0,0%,60%,40%,0%
07/01/2021,4,6177,4169,0,0%,60%,40%,0%
08/01/2021,2,6159,4211,0,0%,59%,41%,0%
09/01/2021,2,6129,4259,0,0%,59%,41%,0%
10/01/2021,2,6094,4316,0,0%,59%,41%,0%
11/01/2021,2,6093,4382,0,0%,58%,42%,0%
12/01/2021,0,6074,4423,0,0%,58%,42%,0%
13/01/2021,1,6072,4471,0,0%,58%,42%,0%
14/01/2021,4,6040,4506,0,0%,57%,43%,0%
15/01/2021,1,6019,4555,0,0%,57%,43%,0%
16/01/2021,1,6010,4595,0,0%,57%,43%,0%
17/01/2021,0,5999,4632,0,0%,56%,44%,0%
18/01/2021,2,5976,4675,0,0%,56%,44%,0%
19/01/2021,3,5970,4721,0,0%,56%,44%,0%
20/01/2021,3,5986,4756,0,0%,56%,44%,0%
21/01/2021,1,5965,4773,0,0%,56%,44%,0%
22/01/2021,1,5942,4810,0,0%,55%,45%,0%
23/01/2021,2,5928,4851,0,0%,55%,45%,0%
24/01/2021,3,5921,4880,0,0%,55%,45%,0%
25/01/2021,1,5914,4909,0,0%,55%,45%,0%
26/01/2021,1,5901,4945,0,0%,54%,46%,0%
27/01/2021,0,5889,4982,0,0%,54%,46%,0%
28/01/2021,3,5885,5013,0,0%,54%,46%,0%
29/01/2021,2,5892,5043,0,0%,54%,46%,0%
30/01/2021,3,5893,5066,0,0%,54%,46%,0%
31/01/2021,2,5916,5088,0,0%,54%,46%,0%
01/02/2021,1,5923,5106,0,0%,54%,46%,0%
02/02/2021,0,5918,5117,0,0%,54%,46%,0%
03/02/2021,0,5912,5138,1,0%,53%,46%,0%
04/02/2021,0,5905,5154,1,0%,53%,47%,0%
05/02/2021,0,5877,5169,2,0%,53%,47%,0%
06/02/2021,0,5860,5202,5,0%,53%,47%,0%
07/02/2021,1,5842,5228,7,0%,53%,47%,0%
08/02/2021,1,5834,5255,8,0%,53%,47%,0%
09/02/2021,0,5840,5276,8,0%,52%,47%,0%
10/02/2021,0,5833,5287,9,0%,52%,48%,0%
11/02/2021,0,5797,5309,9,0%,52%,48%,0%
12/02/2021,0,5778,5347,11,0%,52%,48%,0%
13/02/2021,0,5736,5374,11,0%,52%,48%,0%
14/02/2021,0,5713,5421,12,0%,51%,49%,0%
15/02/2021,2,5694,5451,13,0%,51%,49%,0%
16/02/2021,0,5689,5476,14,0%,51%,49%,0%
17/02/2021,0,5673,5490,14,0%,51%,49%,0%
18/02/2021,1,5640,5515,14,0%,50%,49%,0%
19/02/2021,1,5615,5556,14,0%,50%,50%,0%
20/02/2021,0,5601,5590,14,0%,50%,50%,0%
21/02/2021,0,5588,5613,16,0%,50%,50%,0%
22/02/2021,1,5574,5634,18,0%,50%,50%,0%
23/02/2021,0,5565,5662,19,0%,49%,50%,0%
24/02/2021,3,5569,5688,22,0%,49%,50%,0%
25/02/2021,2,5569,5702,22,0%,49%,50%,0%
26/02/2021,1,5582,5725,22,0%,49%,51%,0%
27/02/2021,1,5585,5744,22,0%,49%,51%,0%
28/02/2021,4,5585,5768,23,0%,49%,51%,0%
01/03/2021,1,5397,5976,29,0%,47%,52%,0%
02/03/2021,1,5376,6003,32,0%,47%,53%,0%
03/03/2021,0,5362,6039,33,0%,47%,53%,0%
04/03/2021,1,5360,6068,33,0%,47%,53%,0%
05/03/2021,0,5355,6088,36,0%,47%,53%,0%
06/03/2021,3,5354,6107,38,0%,47%,53%,0%
07/03/2021,1,5363,6132,41,0%,46%,53%,0%
08/03/2021,2,5367,6148,41,0%,46%,53%,0%
09/03/2021,1,5358,6170,42,0%,46%,53%,0%
10/03/2021,1,5347,6193,45,0%,46%,53%,0%
11/03/2021,0,5334,6216,51,0%,46%,54%,0%
12/03/2021,2,5338,6236,56,0%,46%,54%,0%
13/03/2021,1,5330,6256,57,0%,46%,54%,0%
14/03/2021,1,5322,6272,57,0%,46%,54%,0%
15/03/2021,0,5309,6295,58,0%,46%,54%,0%
16/03/2021,2,5290,6320,58,0%,45%,54%,0%
17/03/2021,0,5300,6353,59,0%,45%,54%,1%
18/03/2021,1,5286,6369,59,0%,45%,54%,1%
19/03/2021,2,5274,6393,60,0%,45%,55%,1%
20/03/2021,1,5252,6420,61,0%,45%,55%,1%
21/03/2021,1,5240,6456,64,0%,45%,55%,1%
22/03/2021,1,5220,6483,66,0%,44%,55%,1%
23/03/2021,0,5195,6509,70,0%,44%,55%,1%
24/03/2021,0,5178,6542,73,0%,44%,55%,1%
25/03/2021,1,5168,6575,76,0%,44%,56%,1%
26/03/2021,1,5162,6597,78,0%,44%,56%,1%
27/03/2021,0,5144,6616,79,0%,43%,56%,1%
28/03/2021,0,5099,6641,80,0%,43%,56%,1%
29/03/2021,2,5055,6693,86,0%,43%,57%,1%
30/03/2021,2,5008,6741,92,0%,42%,57%,1%
31/03/2021,0,5025,6741,92,0%,42%,57%,1%
01/04/2021,1,4974,6794,98,0%,42%,57%,1%
02/04/2021,1,4956,6843,107,0%,42%,57%,1%
03/04/2021,1,4943,6875,109,0%,41%,58%,1%
04/04/2021,0,4941,6898,112,0%,41%,58%,1%
05/04/2021,0,4924,6915,117,0%,41%,58%,1%
06/04/2021,2,4914,6945,121,0%,41%,58%,1%
07/04/2021,0,4901,6968,123,0%,41%,58%,1%
08/04/2021,2,4887,6993,124,0%,41%,58%,1%
09/04/2021,1,4872,7021,131,0%,41%,58%,1%
10/04/2021,0,4859,7048,133,0%,40%,59%,1%
11/04/2021,0,4849,7070,136,0%,40%,59%,1%
12/04/2021,0,4826,7090,141,0%,40%,59%,1%
13/04/2021,0,4800,7125,141,0%,40%,59%,1%
14/04/2021,0,4772,7159,144,0%,40%,59%,1%
15/04/2021,1,4745,7196,145,0%,39%,60%,1%
16/04/2021,2,4732,7240,150,0%,39%,60%,1%
17/04/2021,2,4727,7275,151,0%,39%,60%,1%
18/04/2021,1,4710,7300,152,0%,39%,60%,1%
19/04/2021,2,4693,7334,156,0%,39%,60%,1%
20/04/2021,0,4673,7362,158,0%,38%,60%,1%
21/04/2021,2,4666,7400,161,0%,38%,61%,1%
22/04/2021,3,4659,7427,165,0%,38%,61%,1%
23/04/2021,0,4671,7458,168,0%,38%,61%,1%
24/04/2021,0,4668,7472,169,0%,38%,61%,1%
25/04/2021,3,4657,7493,175,0%,38%,61%,1%
26/04/2021,2,4658,7518,176,0%,38%,61%,1%
27/04/2021,2,4667,7543,179,0%,38%,61%,1%
28/04/2021,6,4671,7568,180,0%,38%,61%,1%
29/04/2021,1,4651,7596,185,0%,37%,61%,1%
30/04/2021,2,4660,7646,188,0%,37%,61%,2%
01/05/2021,3,4651,7706,194,0%,37%,61%,2%
02/05/2021,3,4678,7720,199,0%,37%,61%,2%
03/05/2021,2,4700,7735,200,0%,37%,61%,2%
04/05/2021,3,4714,7759,203,0%,37%,61%,2%
05/05/2021,9,4715,7780,205,0%,37%,61%,2%
06/05/2021,6,4741,7820,210,0%,37%,61%,2%
07/05/2021,8,4772,7848,220,0%,37%,61%,2%
08/05/2021,2,4777,7872,227,0%,37%,61%,2%
09/05/2021,6,4752,7905,235,0%,37%,61%,2%
10/05/2021,1,4762,7956,244,0%,37%,61%,2%
11/05/2021,0,4748,7994,252,0%,37%,62%,2%
12/05/2021,3,4743,8050,258,0%,36%,62%,2%
13/05/2021,3,4758,8085,263,0%,36%,62%,2%
14/05/2021,2,4771,8100,265,0%,36%,62%,2%
15/05/2021,2,4781,8115,265,0%,36%,62%,2%
16/05/2021,3,4780,8135,272,0%,36%,62%,2%
17/05/2021,2,4791,8164,277,0%,36%,62%,2%
18/05/2021,1,4810,8178,280,0%,36%,62%,2%
19/05/2021,5,4833,8203,283,0%,36%,62%,2%
20/05/2021,5,4844,8219,286,0%,36%,62%,2%
21/05/2021,6,4862,8244,291,0%,36%,62%,2%
22/05/2021,3,4891,8263,295,0%,36%,61%,2%
23/05/2021,8,4900,8289,302,0%,36%,61%,2%
24/05/2021,6,4889,8333,309,0%,36%,62%,2%
25/05/2021,4,4873,8379,317,0%,36%,62%,2%
26/05/2021,3,4865,8431,324,0%,36%,62%,2%
27/05/2021,5,4784,8491,330,0%,35%,62%,2%
28/05/2021,5,4781,8609,342,0%,35%,63%,2%
29/05/2021,7,4786,8660,346,0%,35%,63%,3%
30/05/2021,7,4792,8702,353,0%,35%,63%,3%
31/05/2021,8,4855,8702,353,0%,35%,63%,3%
01/06/2021,2,4867,8744,358,0%,35%,63%,3%
02/06/2021,2,4895,8754,361,0%,35%,62%,3%
03/06/2021,1,4898,8770,364,0%,35%,62%,3%
04/06/2021,2,4909,8799,371,0%,35%,62%,3%
05/06/2021,5,4925,8816,374,0%,35%,62%,3%
06/06/2021,4,4944,8834,381,0%,35%,62%,3%
07/06/2021,1,4952,8851,383,0%,35%,62%,3%
08/06/2021,2,4957,8874,389,0%,35%,62%,3%
09/06/2021,3,4969,8903,391,0%,35%,62%,3%
10/06/2021,2,4968,8936,398,0%,35%,62%,3%
11/06/2021,3,4957,8965,406,0%,35%,63%,3%
12/06/2021,7,4931,9007,415,0%,34%,63%,3%
13/06/2021,6,4949,9062,424,0%,34%,63%,3%
14/06/2021,5,4946,9100,435,0%,34%,63%,3%
15/06/2021,3,4962,9136,441,0%,34%,63%,3%
16/06/2021,6,4979,9162,451,0%,34%,63%,3%
17/06/2021,2,4996,9196,458,0%,34%,63%,3%
18/06/2021,9,5024,9237,465,0%,34%,63%,3%
19/06/2021,6,5063,9261,476,0%,34%,63%,3%
20/06/2021,14,5104,9286,481,0%,34%,62%,3%
21/06/2021,7,5117,9323,489,0%,34%,62%,3%
22/06/2021,6,5154,9401,505,0%,34%,62%,3%
23/06/2021,18,5202,9443,511,0%,34%,62%,3%
24/06/2021,4,5231,9481,522,0%,34%,62%,3%
25/06/2021,4,5244,9519,527,0%,34%,62%,3%
26/06/2021,1,5254,9549,531,0%,34%,62%,3%
27/06/2021,4,5269,9570,537,0%,34%,62%,3%
28/06/2021,2,5282,9599,539,0%,34%,62%,3%
29/06/2021,3,5302,9622,542,0%,34%,62%,4%
30/06/2021,1,5328,9641,548,0%,34%,62%,4%
01/07/2021,0,5319,9689,551,0%,34%,62%,4%
02/07/2021,2,5328,9695,555,0%,34%,62%,4%
03/07/2021,0,5341,9707,563,0%,34%,62%,4%
04/07/2021,3,5344,9726,565,0%,34%,62%,4%
05/07/2021,1,5359,9742,574,0%,34%,62%,4%
06/07/2021,2,5373,9760,583,0%,34%,62%,4%
07/07/2021,1,5395,9777,591,0%,34%,62%,4%
08/07/2021,2,5404,9799,593,0%,34%,62%,4%
09/07/2021,3,5415,9825,595,0%,34%,62%,4%
10/07/2021,0,5415,9842,605,0%,34%,62%,4%
11/07/2021,0,5399,9862,616,0%,34%,62%,4%
12/07/2021,2,5402,9888,630,0%,34%,62%,4%
13/07/2021,4,5402,9908,637,0%,34%,62%,4%
14/07/2021,1,5424,9932,647,0%,34%,62%,4%
15/07/2021,4,5439,9947,652,0%,34%,62%,4%
16/07/2021,1,5443,9962,653,0%,34%,62%,4%
17/07/2021,1,5434,9983,660,0%,34%,62%,4%
18/07/2021,1,5426,10000,674,0%,34%,62%,4%
19/07/2021,0,5415,10024,675,0%,34%,62%,4%
20/07/2021,0,5393,10048,681,0%,33%,62%,4%
21/07/2021,1,5393,10075,687,0%,33%,62%,4%
22/07/2021,1,5392,10086,690,0%,33%,62%,4%
23/07/2021,0,5395,10101,693,0%,33%,62%,4%
24/07/2021,1,5398,10114,696,0%,33%,62%,4%
25/07/2021,0,5393,10135,698,0%,33%,62%,4%
26/07/2021,2,5396,10155,705,0%,33%,62%,4%
27/07/2021,0,5418,10172,712,0%,33%,62%,4%
28/07/2021,0,5421,10185,717,0%,33%,62%,4%
29/07/2021,1,5416,10205,726,0%,33%,62%,4%
30/07/2021,2,5424,10228,732,0%,33%,62%,4%
31/07/2021,2,5417,10244,740,0%,33%,62%,5%
01/08/2021,0,5439,10276,748,0%,33%,62%,5%
02/08/2021,2,5442,10285,756,0%,33%,62%,5%
03/08/2021,1,5463,10293,764,0%,33%,62%,5%
04/08/2021,2,5483,10300,767,0%,33%,62%,5%
05/08/2021,4,5496,10304,772,0%,33%,62%,5%
06/08/2021,2,5531,10308,776,0%,33%,62%,5%
07/08/2021,3,5550,10318,777,0%,33%,62%,5%
08/08/2021,2,5573,10327,779,0%,33%,62%,5%
09/08/2021,0,5594,10337,782,0%,33%,62%,5%
10/08/2021,2,5625,10350,786,0%,34%,62%,5%
11/08/2021,0,5663,10361,790,0%,34%,62%,5%
12/08/2021,2,5686,10364,791,0%,34%,62%,5%
13/08/2021,1,5718,10369,794,0%,34%,61%,5%
14/08/2021,0,5734,10374,795,0%,34%,61%,5%
15/08/2021,1,5751,10381,796,0%,34%,61%,5%
16/08/2021,4,5775,10388,798,0%,34%,61%,5%
17/08/2021,1,5802,10393,800,0%,34%,61%,5%
18/08/2021,2,5822,10402,800,0%,34%,61%,5%
19/08/2021,3,5854,10407,804,0%,34%,61%,5%
20/08/2021,2,5888,10415,805,0%,34%,61%,5%
21/08/2021,5,5915,10423,807,0%,34%,61%,5%
22/08/2021,3,5942,10428,812,0%,35%,61%,5%
23/08/2021,2,5957,10441,815,0%,35%,61%,5%
24/08/2021,4,5966,10460,815,0%,35%,61%,5%
25/08/2021,0,5979,10476,820,0%,35%,61%,5%
26/08/2021,3,5982,10491,827,0%,35%,61%,5%
27/08/2021,1,6001,10511,838,0%,35%,61%,5%
28/08/2021,7,6010,10531,846,0%,35%,61%,5%
29/08/2021,4,6059,10531,846,0%,35%,60%,5%
30/08/2021,7,6110,10531,846,0%,35%,60%,5%
31/08/2021,1,6171,10531,846,0%,35%,60%,5%
01/09/2021,2,6201,10562,855,0%,35%,60%,5%
02/09/2021,0,6233,10574,859,0%,35%,60%,5%
03/09/2021,2,6264,10582,867,0%,35%,60%,5%
04/09/2021,3,6283,10591,872,0%,35%,60%,5%
05/09/2021,2,6306,10599,886,0%,35%,60%,5%
06/09/2021,3,6322,10610,890,0%,35%,60%,5%
07/09/2021,3,6336,10629,901,0%,35%,59%,5%
08/09/2021,2,6353,10641,912,0%,35%,59%,5%
09/09/2021,2,6376,10665,916,0%,36%,59%,5%
10/09/2021,3,6394,10677,920,0%,36%,59%,5%
11/09/2021,5,6417,10687,928,0%,36%,59%,5%
12/09/2021,2,6441,10695,931,0%,36%,59%,5%
13/09/2021,4,6473,10713,940,0%,36%,59%,5%
14/09/2021,1,6490,10717,943,0%,36%,59%,5%
15/09/2021,4,6520,10729,947,0%,36%,59%,5%
16/09/2021,2,6543,10736,951,0%,36%,59%,5%
17/09/2021,2,6562,10746,958,0%,36%,59%,5%
18/09/2021,1,6582,10762,966,0%,36%,59%,5%
19/09/2021,2,6596,10772,968,0%,36%,59%,5%
20/09/2021,4,6624,10783,974,0%,36%,59%,5%
21/09/2021,3,6657,10795,978,0%,36%,59%,5%
22/09/2021,1,6688,10803,987,0%,36%,58%,5%
23/09/2021,2,6734,10810,990,0%,36%,58%,5%
24/09/2021,3,6773,10816,994,0%,36%,58%,5%
25/09/2021,1,6792,10829,1000,0%,36%,58%,5%
26/09/2021,2,6829,10840,1004,0%,37%,58%,5%
27/09/2021,1,6859,10852,1006,0%,37%,58%,5%
28/09/2021,5,6878,10859,1006,0%,37%,58%,5%
29/09/2021,3,6913,10865,1013,0%,37%,58%,5%
30/09/2021,5,6953,10873,1017,0%,37%,58%,5%
01/10/2021,1,6963,10895,1022,0%,37%,58%,5%
02/10/2021,1,6977,10900,1025,0%,37%,58%,5%
03/10/2021,2,6996,10909,1032,0%,37%,58%,5%
04/10/2021,1,7010,10916,1038,0%,37%,58%,5%
05/10/2021,3,7035,10928,1045,0%,37%,57%,5%
06/10/2021,1,7045,10940,1050,0%,37%,57%,6%
07/10/2021,0,7070,10950,1057,0%,37%,57%,6%
08/10/2021,5,7081,10958,1060,0%,37%,57%,6%
09/10/2021,3,7110,10978,1063,0%,37%,57%,6%
10/10/2021,3,7148,10988,1066,0%,37%,57%,6%
11/10/2021,0,7175,10996,1069,0%,37%,57%,6%
12/10/2021,4,7205,11005,1075,0%,37%,57%,6%
13/10/2021,0,7238,11014,1078,0%,37%,57%,6%
14/10/2021,1,7259,11022,1081,0%,37%,57%,6%
15/10/2021,1,7280,11026,1087,0%,38%,57%,6%
16/10/2021,3,7296,11044,1092,0%,38%,57%,6%
17/10/2021,1,7327,11059,1101,0%,38%,57%,6%
18/10/2021,5,7339,11071,1110,0%,38%,57%,6%
19/10/2021,2,7366,11083,1118,0%,38%,57%,6%
20/10/2021,2,7388,11094,1121,0%,38%,57%,6%
21/10/2021,3,7399,11109,1125,0%,38%,57%,6%
22/10/2021,3,7412,11128,1132,0%,38%,57%,6%
23/10/2021,2,7433,11147,1141,0%,38%,57%,6%
24/10/2021,2,7453,11162,1150,0%,38%,56%,6%
25/10/2021,1,7475,11178,1158,0%,38%,56%,6%
26/10/2021,3,7484,11188,1166,0%,38%,56%,6%
27/10/2021,3,7486,11209,1173,0%,38%,56%,6%
28/10/2021,1,7487,11231,1186,0%,38%,56%,6%
29/10/2021,2,7492,11256,1202,0%,38%,56%,6%
30/10/2021,3,7486,11273,1213,0%,37%,56%,6%
31/10/2021,3,7535,11273,1213,0%,38%,56%,6%
01/11/2021,2,7535,11301,1228,0%,38%,56%,6%
02/11/2021,1,7540,11324,1249,0%,37%,56%,6%
03/11/2021,4,7528,11349,1267,0%,37%,56%,6%
04/11/2021,5,7551,11379,1285,0%,37%,56%,6%
05/11/2021,2,7558,11403,1299,0%,37%,56%,6%
06/11/2021,7,7556,11434,1320,0%,37%,56%,6%
07/11/2021,2,7563,11475,1340,0%,37%,56%,7%
08/11/2021,8,7573,11519,1360,0%,37%,56%,7%
09/11/2021,5,7626,11541,1378,0%,37%,56%,7%
10/11/2021,6,7652,11569,1389,0%,37%,56%,7%
11/11/2021,18,7722,11595,1414,0%,37%,56%,7%
12/11/2021,4,7790,11627,1429,0%,37%,56%,7%
13/11/2021,9,7825,11651,1443,0%,37%,56%,7%
14/11/2021,11,7877,11669,1457,0%,37%,56%,7%
15/11/2021,2,7900,11688,1465,0%,38%,56%,7%
16/11/2021,3,7925,11717,1473,0%,38%,55%,7%
17/11/2021,7,7963,11739,1485,0%,38%,55%,7%
18/11/2021,2,7965,11760,1491,0%,38%,55%,7%
19/11/2021,1,7962,11788,1509,0%,37%,55%,7%
20/11/2021,1,7949,11821,1522,0%,37%,56%,7%
21/11/2021,1,7954,11851,1533,0%,37%,56%,7%
22/11/2021,4,7952,11884,1542,0%,37%,56%,7%
23/11/2021,4,7946,11917,1568,0%,37%,56%,7%
24/11/2021,5,7981,11966,1584,0%,37%,56%,7%
25/11/2021,10,8034,11993,1598,0%,37%,55%,7%
26/11/2021,11,8168,12019,1613,0%,37%,55%,7%
27/11/2021,7,8208,12057,1632,0%,37%,55%,7%
28/11/2021,11,8287,12094,1646,0%,38%,55%,7%
29/11/2021,4,8348,12129,1663,0%,38%,55%,8%
30/11/2021,6,8342,12172,1676,0%,38%,55%,8%
01/12/2021,3,8319,12253,1712,0%,37%,55%,8%
02/12/2021,4,8327,12264,1720,0%,37%,55%,8%
03/12/2021,4,8357,12292,1739,0%,37%,55%,8%
04/12/2021,3,8377,12322,1747,0%,37%,55%,8%
05/12/2021,3,8389,12345,1756,0%,37%,55%,8%
06/12/2021,8,8441,12375,1770,0%,37%,55%,8%
07/12/2021,4,8486,12398,1784,0%,37%,55%,8%
08/12/2021,3,8525,12420,1796,0%,37%,55%,8%
09/12/2021,11,8573,12442,1811,0%,38%,54%,8%
10/12/2021,2,8641,12478,1828,0%,38%,54%,8%
11/12/2021,8,8684,12500,1841,0%,38%,54%,8%
12/12/2021,6,8778,12526,1856,0%,38%,54%,8%
13/12/2021,5,8820,12558,1866,0%,38%,54%,8%
14/12/2021,8,8881,12597,1893,0%,38%,54%,8%
15/12/2021,14,8979,12626,1902,0%,38%,54%,8%
16/12/2021,3,9008,12660,1918,0%,38%,54%,8%
17/12/2021,5,9007,12704,1935,0%,38%,54%,8%
18/12/2021,4,9008,12749,1951,0%,38%,54%,8%
19/12/2021,4,9020,12805,1965,0%,38%,54%,8%
20/12/2021,9,9019,12849,1987,0%,38%,54%,8%
21/12/2021,3,9008,12914,2016,0%,38%,54%,8%
22/12/2021,9,9036,12976,2054,0%,38%,54%,9%
23/12/2021,7,9040,13037,2077,0%,37%,54%,9%
24/12/2021,3,9071,13104,2119,0%,37%,54%,9%
25/12/2021,5,9105,13144,2137,0%,37%,54%,9%
26/12/2021,6,9161,13184,2144,0%,37%,54%,9%
27/12/2021,1,9204,13203,2159,0%,37%,54%,9%
28/12/2021,5,9248,13233,2178,0%,37%,54%,9%
29/12/2021,8,9299,13256,2192,0%,38%,54%,9%
30/12/2021,7,9355,13283,2211,0%,38%,53%,9%
31/12/2021,10,9508,13283,2211,0%,38%,53%,9%
01/01/2022,6,9535,13312,2231,0%,38%,53%,9%
02/01/2022,4,9576,13329,2240,0%,38%,53%,9%
03/01/2022,3,9622,13347,2253,0%,38%,53%,9%
04/01/2022,5,9678,13372,2260,0%,38%,53%,9%
05/01/2022,8,9733,13391,2272,0%,38%,53%,9%
06/01/2022,8,9779,13411,2292,0%,38%,53%,9%
07/01/2022,9,9828,13438,2305,0%,38%,53%,9%
08/01/2022,9,9882,13461,2327,0%,38%,52%,9%
09/01/2022,6,9933,13480,2346,0%,39%,52%,9%
10/01/2022,5,9989,13500,2365,0%,39%,52%,9%
11/01/2022,13,10065,13516,2377,0%,39%,52%,9%
12/01/2022,2,10121,13534,2383,0%,39%,52%,9%
13/01/2022,3,10160,13557,2392,0%,39%,52%,9%
14/01/2022,4,10201,13578,2407,0%,39%,52%,9%
15/01/2022,4,10232,13598,2426,0%,39%,52%,9%
16/01/2022,5,10289,13622,2436,0%,39%,52%,9%
17/01/2022,6,10342,13642,2445,0%,39%,52%,9%
18/01/2022,10,10431,13654,2455,0%,39%,51%,9%
19/01/2022,12,10526,13663,2463,0%,39%,51%,9%
20/01/2022,4,10626,13672,2472,0%,40%,51%,9%
21/01/2022,3,10711,13678,2477,0%,40%,51%,9%
22/01/2022,8,10774,13686,2484,0%,40%,51%,9%
23/01/2022,10,10861,13695,2492,0%,40%,51%,9%
24/01/2022,9,10953,13705,2500,0%,40%,50%,9%
25/01/2022,12,11069,13720,2512,0%,41%,50%,9%
26/01/2022,8,11172,13731,2522,0%,41%,50%,9%
27/01/2022,10,11281,13747,2535,0%,41%,50%,9%
28/01/2022,19,11397,13768,2552,0%,41%,50%,9%
29/01/2022,11,11523,13786,2566,0%,41%,49%,9%
30/01/2022,15,11630,13799,2578,0%,42%,49%,9%
31/01/2022,15,11741,13820,2590,0%,42%,49%,9%
01/02/2022,6,11810,13840,2603,0%,42%,49%,9%
02/02/2022,1,11858,13862,2618,0%,42%,49%,9%
03/02/2022,5,11895,13873,2628,0%,42%,49%,9%
04/02/2022,2,11931,13893,2638,0%,42%,49%,9%
05/02/2022,1,11975,13913,2648,0%,42%,49%,9%
06/02/2022,6,12007,13927,2657,0%,42%,49%,9%
07/02/2022,5,12081,13955,2673,0%,42%,49%,9%
08/02/2022,5,12161,13978,2681,0%,42%,48%,9%
09/02/2022,10,12243,14002,2692,0%,42%,48%,9%
10/02/2022,2,12323,14022,2708,0%,42%,48%,9%
11/02/2022,10,12395,14051,2727,0%,42%,48%,9%
12/02/2022,6,12465,14073,2745,0%,43%,48%,9%
13/02/2022,4,12552,14089,2762,0%,43%,48%,9%
14/02/2022,3,12621,14112,2776,0%,43%,48%,9%
15/02/2022,3,12676,14128,2783,0%,43%,48%,9%
16/02/2022,9,12744,14144,2794,0%,43%,48%,9%
17/02/2022,2,12809,14166,2806,0%,43%,48%,9%
18/02/2022,6,12865,14185,2820,0%,43%,47%,9%
19/02/2022,4,12894,14204,2831,0%,43%,47%,9%
20/02/2022,8,12936,14229,2848,0%,43%,47%,9%
21/02/2022,7,12993,14256,2864,0%,43%,47%,10%
22/02/2022,4,13059,14286,2874,0%,43%,47%,10%
23/02/2022,5,13131,14309,2892,0%,43%,47%,10%
24/02/2022,4,13206,14335,2899,0%,43%,47%,10%
25/02/2022,2,13282,14358,2908,0%,43%,47%,10%
26/02/2022,8,13381,14375,2922,0%,44%,47%,10%
27/02/2022,6,13490,14398,2936,0%,44%,47%,10%
28/02/2022,15,13587,14422,2957,0%,44%,47%,10%
01/03/2022,3,13497,14550,3039,0%,43%,47%,10%
02/03/2022,3,13543,14580,3056,0%,43%,47%,10%
03/03/2022,4,13568,14607,3075,0%,43%,47%,10%
04/03/2022,1,13584,14634,3095,0%,43%,47%,10%
05/03/2022,2,13620,14660,3111,0%,43%,47%,10%
06/03/2022,4,13664,14681,3127,0%,43%,47%,10%
07/03/2022,6,13753,14709,3146,0%,44%,47%,10%
08/03/2022,8,13840,14730,3162,0%,44%,46%,10%
09/03/2022,6,13921,14757,3179,0%,44%,46%,10%
10/03/2022,9,14009,14782,3193,0%,44%,46%,10%
11/03/2022,5,14092,14805,3207,0%,44%,46%,10%
12/03/2022,4,14155,14827,3221,0%,44%,46%,10%
13/03/2022,15,14243,14856,3240,0%,44%,46%,10%
14/03/2022,6,14357,14883,3254,0%,44%,46%,10%
15/03/2022,6,14433,14909,3258,0%,44%,46%,10%
16/03/2022,4,14526,14943,3268,0%,44%,46%,10%
17/03/2022,9,14591,14971,3278,0%,44%,46%,10%
18/03/2022,6,14657,14997,3295,0%,44%,46%,10%
19/03/2022,5,14727,15017,3306,0%,45%,45%,10%
20/03/2022,15,14789,15032,3323,0%,45%,45%,10%
21/03/2022,9,14892,15069,3332,0%,45%,45%,10%
22/03/2022,3,14983,15104,3346,0%,45%,45%,10%
23/03/2022,10,15050,15124,3365,0%,45%,45%,10%
24/03/2022,7,15116,15160,3386,0%,45%,45%,10%
25/03/2022,4,15192,15198,3407,0%,45%,45%,10%
26/03/2022,5,15227,15220,3417,0%,45%,45%,10%
27/03/2022,2,15287,15254,3435,0%,45%,45%,10%
28/03/2022,10,15381,15274,3451,0%,45%,45%,10%
29/03/2022,1,15486,15298,3463,0%,45%,45%,10%
30/03/2022,8,15585,15329,3477,0%,45%,45%,10%
31/03/2022,10,15767,15329,3477,0%,46%,44%,10%
01/04/2022,8,15839,15367,3493,0%,46%,44%,10%
02/04/2022,7,15917,15380,3509,0%,46%,44%,10%
03/04/2022,9,16014,15394,3525,0%,46%,44%,10%
04/04/2022,14,16143,15411,3541,0%,46%,44%,10%
05/04/2022,25,16312,15426,3558,0%,46%,44%,10%
06/04/2022,9,16471,15456,3572,0%,46%,44%,10%
07/04/2022,14,16570,15472,3581,0%,46%,43%,10%
08/04/2022,6,16671,15492,3596,0%,47%,43%,10%
09/04/2022,4,16763,15520,3607,0%,47%,43%,10%
10/04/2022,10,16826,15544,3623,0%,47%,43%,10%
11/04/2022,9,16958,15574,3642,0%,47%,43%,10%
12/04/2022,13,17036,15600,3655,0%,47%,43%,10%
13/04/2022,14,17130,15626,3675,0%,47%,43%,10%
14/04/2022,6,17255,15650,3691,0%,47%,43%,10%
15/04/2022,11,17341,15672,3701,0%,47%,43%,10%
16/04/2022,10,17433,15696,3721,0%,47%,43%,10%
17/04/2022,9,17539,15721,3738,0%,47%,42%,10%
18/04/2022,12,17661,15753,3756,0%,47%,42%,10%
19/04/2022,11,17808,15780,3765,0%,48%,42%,10%
20/04/2022,7,17936,15802,3781,0%,48%,42%,10%
21/04/2022,5,18041,15828,3796,0%,48%,42%,10%
22/04/2022,7,18152,15852,3810,0%,48%,42%,10%
23/04/2022,11,18246,15879,3824,0%,48%,42%,10%
24/04/2022,9,18398,15912,3835,0%,48%,42%,10%
25/04/2022,14,18555,15940,3851,0%,48%,42%,10%
26/04/2022,9,18711,15966,3864,0%,49%,41%,10%
27/04/2022,16,18865,15994,3875,0%,49%,41%,10%
28/04/2022,8,18984,16019,3887,0%,49%,41%,10%
29/04/2022,11,19103,16046,3900,0%,49%,41%,10%
30/04/2022,17,19281,16067,3913,0%,49%,41%,10%
01/05/2022,10,19335,16127,3940,0%,49%,41%,10%
02/05/2022,8,19358,16157,3953,0%,49%,41%,10%
03/05/2022,6,19408,16187,3970,0%,49%,41%,10%
04/05/2022,6,19450,16210,3986,0%,49%,41%,10%
05/05/2022,8,19517,16250,4008,0%,49%,41%,10%
06/05/2022,10,19597,16280,4034,0%,49%,41%,10%
07/05/2022,11,19669,16324,4054,0%,49%,41%,10%
08/05/2022,10,19729,16362,4082,0%,49%,41%,10%
09/05/2022,4,19781,16398,4102,0%,49%,41%,10%
10/05/2022,5,19823,16450,4139,0%,49%,41%,10%
11/05/2022,6,19817,16507,4160,0%,49%,41%,10%
12/05/2022,8,19851,16593,4203,0%,49%,41%,10%
13/05/2022,0,19924,16655,4233,0%,49%,41%,10%
14/05/2022,6,19966,16711,4249,0%,49%,41%,10%
15/05/2022,12,20074,16767,4274,0%,49%,41%,10%
16/05/2022,7,20194,16799,4293,0%,49%,41%,10%
17/05/2022,10,20310,16845,4307,0%,49%,41%,10%
18/05/2022,11,20427,16894,4327,0%,49%,41%,10%
19/05/2022,5,20531,16922,4342,0%,49%,40%,10%
20/05/2022,7,20646,16947,4359,0%,49%,40%,10%
21/05/2022,3,20692,16968,4366,0%,49%,40%,10%
22/05/2022,3,20747,16996,4385,0%,49%,40%,10%
23/05/2022,10,20857,17033,4408,0%,49%,40%,10%
24/05/2022,11,20966,17074,4426,0%,49%,40%,10%
25/05/2022,5,21046,17124,4453,0%,49%,40%,10%
26/05/2022,9,21034,17185,4491,0%,49%,40%,11%
27/05/2022,6,21115,17301,4567,0%,49%,40%,11%
28/05/2022,15,21131,17353,4602,0%,49%,40%,11%
29/05/2022,14,21211,17434,4656,0%,49%,40%,11%
30/05/2022,17,21403,17502,4698,0%,49%,40%,11%
31/05/2022,5,21616,17502,4698,0%,49%,40%,11%
01/06/2022,6,21686,17540,4709,0%,49%,40%,11%
02/06/2022,7,21815,17580,4726,0%,49%,40%,11%
03/06/2022,10,21909,17620,4742,0%,49%,40%,11%
04/06/2022,5,21992,17670,4760,0%,50%,40%,11%
05/06/2022,10,22086,17703,4778,0%,50%,40%,11%
06/06/2022,7,22191,17740,4797,0%,50%,40%,11%
07/06/2022,21,22299,17800,4831,0%,50%,40%,11%
08/06/2022,8,22437,17842,4864,0%,50%,40%,11%
09/06/2022,13,22582,17892,4889,0%,50%,39%,11%
10/06/2022,10,22723,17972,4918,0%,50%,39%,11%
11/06/2022,11,22823,18025,4959,0%,50%,39%,11%
12/06/2022,7,22901,18085,4989,0%,50%,39%,11%
13/06/2022,8,23091,18171,5037,0%,50%,39%,11%
14/06/2022,14,23225,18234,5081,0%,50%,39%,11%
15/06/2022,12,23269,18311,5106,0%,50%,39%,11%
16/06/2022,13,23431,18410,5161,0%,50%,39%,11%
17/06/2022,5,23595,18464,5186,0%,50%,39%,11%
18/06/2022,6,23688,18505,5207,0%,50%,39%,11%
19/06/2022,10,23824,18554,5228,0%,50%,39%,11%
20/06/2022,8,23950,18604,5256,0%,50%,39%,11%
21/06/2022,10,24089,18675,5283,0%,50%,39%,11%
22/06/2022,16,24199,18730,5311,0%,50%,39%,11%
23/06/2022,8,24318,18808,5351,0%,50%,39%,11%
24/06/2022,10,24465,18883,5387,0%,50%,39%,11%
25/06/2022,6,24520,18932,5423,0%,50%,39%,11%
26/06/2022,12,24559,18992,5446,0%,50%,39%,11%
27/06/2022,6,24636,19047,5482,0%,50%,39%,11%
28/06/2022,13,24710,19106,5510,0%,50%,39%,11%
29/06/2022,7,24807,19163,5538,0%,50%,39%,11%
30/06/2022,11,24870,19227,5574,0%,50%,39%,11%
01/07/2022,12,24802,19412,5649,0%,50%,39%,11%
02/07/2022,10,24875,19448,5662,0%,50%,39%,11%
03/07/2022,5,24936,19497,5683,0%,50%,39%,11%
04/07/2022,3,25015,19551,5706,0%,50%,39%,11%
05/07/2022,10,25048,19619,5727,0%,50%,39%,11%
06/07/2022,2,25092,19692,5752,0%,50%,39%,11%
07/07/2022,3,25108,19749,5781,0%,50%,39%,11%
08/07/2022,3,25097,19816,5809,0%,49%,39%,11%
09/07/2022,1,25082,19881,5836,0%,49%,39%,11%
10/07/2022,7,25077,19948,5856,0%,49%,39%,12%
11/07/2022,1,25071,20001,5886,0%,49%,39%,12%
12/07/2022,5,25095,20075,5920,0%,49%,39%,12%
13/07/2022,2,25148,20132,5940,0%,49%,39%,12%
14/07/2022,12,25197,20181,5967,0%,49%,39%,12%
15/07/2022,3,25242,20239,5990,0%,49%,39%,12%
16/07/2022,5,25246,20280,6014,0%,49%,39%,12%
17/07/2022,4,25269,20340,6041,0%,49%,39%,12%
18/07/2022,4,25279,20386,6071,0%,49%,39%,12%
19/07/2022,6,25285,20462,6105,0%,49%,39%,12%
20/07/2022,10,25291,20539,6143,0%,49%,40%,12%
21/07/2022,6,25345,20604,6181,0%,49%,40%,12%
22/07/2022,7,25398,20669,6215,0%,49%,40%,12%
23/07/2022,8,25439,20722,6247,0%,49%,40%,12%
24/07/2022,8,25466,20794,6282,0%,48%,40%,12%
25/07/2022,7,25497,20877,6317,0%,48%,40%,12%
26/07/2022,8,25528,20967,6367,0%,48%,40%,12%
27/07/2022,3,25528,21061,6401,0%,48%,40%,12%
28/07/2022,6,25523,21162,6449,0%,48%,40%,12%
29/07/2022,9,25534,21282,6486,0%,48%,40%,12%
30/07/2022,6,25547,21387,6524,0%,48%,40%,12%
31/07/2022,9,25564,21480,6575,0%,48%,40%,12%
01/08/2022,5,25626,21587,6612,0%,48%,40%,12%
02/08/2022,7,25700,21654,6642,0%,48%,40%,12%
03/08/2022,2,25745,21702,6658,0%,48%,40%,12%
04/08/2022,5,25827,21750,6681,0%,48%,40%,12%
05/08/2022,7,25885,21794,6700,0%,48%,40%,12%
06/08/2022,8,25912,21845,6715,0%,48%,40%,12%
07/08/2022,6,25918,21903,6738,0%,47%,40%,12%
08/08/2022,6,25950,21979,6766,0%,47%,40%,12%
09/08/2022,5,25979,22064,6796,0%,47%,40%,12%
10/08/2022,9,26023,22145,6838,0%,47%,40%,12%
11/08/2022,7,26087,22226,6877,0%,47%,40%,12%
12/08/2022,4,26136,22318,6905,0%,47%,40%,12%
13/08/2022,5,26147,22387,6935,0%,47%,40%,13%
14/08/2022,8,26177,22476,6968,0%,47%,40%,13%
15/08/2022,7,26285,22536,6999,0%,47%,40%,13%
16/08/2022,7,26362,22594,7023,0%,47%,40%,13%
17/08/2022,10,26445,22670,7055,0%,47%,40%,13%
18/08/2022,5,26514,22730,7086,0%,47%,40%,13%
19/08/2022,10,26573,22796,7110,0%,47%,40%,13%
20/08/2022,7,26640,22849,7126,0%,47%,40%,13%
21/08/2022,6,26666,22915,7149,0%,47%,40%,13%
22/08/2022,14,26776,22991,7169,0%,47%,40%,13%
23/08/2022,6,26871,23064,7200,0%,47%,40%,13%
24/08/2022,12,26926,23147,7223,0%,47%,40%,13%
25/08/2022,3,26987,23216,7260,0%,47%,40%,13%
26/08/2022,7,26990,23281,7300,0%,47%,40%,13%
27/08/2022,7,26960,23389,7334,0%,47%,41%,13%
28/08/2022,4,26955,23496,7379,0%,47%,41%,13%
29/08/2022,6,27086,23496,7379,0%,47%,41%,13%
30/08/2022,9,27291,23496,7379,0%,47%,40%,13%
31/08/2022,12,27501,23496,7379,0%,47%,40%,13%
01/09/2022,6,27551,23630,7406,0%,47%,40%,13%
02/09/2022,4,27622,23705,7431,0%,47%,40%,13%
03/09/2022,3,27671,23769,7459,0%,47%,40%,13%
04/09/2022,7,27756,23821,7480,0%,47%,40%,13%
05/09/2022,5,27851,23865,7491,0%,47%,40%,13%
06/09/2022,8,27931,23914,7516,0%,47%,40%,13%
07/09/2022,8,28015,23981,7542,0%,47%,40%,13%
08/09/2022,7,28048,24076,7575,0%,47%,40%,13%
09/09/2022,4,28094,24168,7616,0%,47%,40%,13%
10/09/2022,2,28093,24255,7647,0%,47%,40%,13%
11/09/2022,8,28109,24341,7689,0%,47%,40%,13%
12/09/2022,9,28208,24415,7730,0%,47%,40%,13%
13/09/2022,5,28250,24489,7766,0%,47%,40%,13%
14/09/2022,4,28304,24593,7802,0%,47%,41%,13%
15/09/2022,4,28354,24692,7838,0%,47%,41%,13%
16/09/2022,3,28371,24780,7870,0%,46%,41%,13%
17/09/2022,9,28364,24874,7905,0%,46%,41%,13%
18/09/2022,4,28397,24966,7926,0%,46%,41%,13%
19/09/2022,5,28464,25038,7948,0%,46%,41%,13%
20/09/2022,6,28506,25108,7979,0%,46%,41%,13%
21/09/2022,4,28542,25194,8011,0%,46%,41%,13%
22/09/2022,6,28630,25294,8057,0%,46%,41%,13%
23/09/2022,8,28718,25382,8093,0%,46%,41%,13%
24/09/2022,8,28766,25478,8128,0%,46%,41%,13%
25/09/2022,5,28855,25573,8155,0%,46%,41%,13%
26/09/2022,7,28986,25655,8178,0%,46%,41%,13%
27/09/2022,2,29111,25722,8199,0%,46%,41%,13%
28/09/2022,5,29138,25793,8221,0%,46%,41%,13%
29/09/2022,8,29141,25886,8266,0%,46%,41%,13%
30/09/2022,7,29175,25992,8301,0%,46%,41%,13%
01/10/2022,0,29016,26252,8385,0%,46%,41%,13%
02/10/2022,3,29036,26330,8406,0%,46%,41%,13%
03/10/2022,5,29048,26414,8429,0%,45%,41%,13%
04/10/2022,6,29016,26508,8467,0%,45%,41%,13%
05/10/2022,3,28940,26621,8520,0%,45%,42%,13%
06/10/2022,3,28923,26778,8587,0%,45%,42%,13%
07/10/2022,5,28866,26900,8633,0%,45%,42%,13%
08/10/2022,3,28832,27005,8667,0%,45%,42%,13%
09/10/2022,2,28827,27103,8701,0%,45%,42%,13%
10/10/2022,8,28869,27193,8741,0%,45%,42%,13%
11/10/2022,4,28833,27273,8779,0%,44%,42%,14%
12/10/2022,1,28847,27395,8827,0%,44%,42%,14%
13/10/2022,5,28791,27495,8855,0%,44%,42%,14%
14/10/2022,4,28806,27597,8888,0%,44%,42%,14%
15/10/2022,13,28842,27701,8933,0%,44%,42%,14%
16/10/2022,7,28893,27798,8971,0%,44%,42%,14%
17/10/2022,5,28964,27887,9015,0%,44%,42%,14%
18/10/2022,2,28998,28004,9053,0%,44%,42%,14%
19/10/2022,2,28994,28134,9084,0%,44%,42%,14%
20/10/2022,6,28998,28267,9135,0%,44%,43%,14%
21/10/2022,6,29018,28384,9183,0%,44%,43%,14%
22/10/2022,7,28982,28495,9213,0%,43%,43%,14%
23/10/2022,3,28984,28613,9249,0%,43%,43%,14%
24/10/2022,3,28958,28713,9291,0%,43%,43%,14%
25/10/2022,0,28887,28855,9343,0%,43%,43%,14%
26/10/2022,4,28847,28999,9400,0%,43%,43%,14%
27/10/2022,2,28780,29136,9453,0%,43%,43%,14%
28/10/2022,2,28754,29278,9509,0%,43%,43%,14%
29/10/2022,3,28711,29393,9545,0%,42%,43%,14%
30/10/2022,5,28600,29510,9584,0%,42%,44%,14%
31/10/2022,14,28786,29510,9584,0%,42%,43%,14%
01/11/2022,3,28849,29673,9643,0%,42%,44%,14%
02/11/2022,4,28927,29777,9678,0%,42%,44%,14%
03/11/2022,5,29038,29828,9695,0%,42%,44%,14%
04/11/2022,9,29087,29885,9725,0%,42%,43%,14%
05/11/2022,5,29107,29960,9754,0%,42%,44%,14%
06/11/2022,7,29146,30045,9794,0%,42%,44%,14%
07/11/2022,12,29239,30150,9835,0%,42%,44%,14%
08/11/2022,7,29354,30246,9878,0%,42%,44%,14%
09/11/2022,10,29495,30326,9913,0%,42%,43%,14%
10/11/2022,7,29597,30416,9958,0%,42%,43%,14%
11/11/2022,16,29841,30509,9986,0%,42%,43%,14%
12/11/2022,10,29939,30595,10024,0%,42%,43%,14%
13/11/2022,5,29981,30688,10059,0%,42%,43%,14%
14/11/2022,11,30024,30799,10085,0%,42%,43%,14%
15/11/2022,4,30054,30898,10115,0%,42%,43%,14%
16/11/2022,5,30034,31017,10161,0%,42%,44%,14%
17/11/2022,7,30034,31142,10211,0%,42%,44%,14%
18/11/2022,4,30039,31287,10254,0%,42%,44%,14%
19/11/2022,9,30059,31412,10290,0%,42%,44%,14%
20/11/2022,15,30104,31511,10331,0%,42%,44%,14%
21/11/2022,13,30268,31612,10375,0%,42%,44%,14%
22/11/2022,17,30484,31674,10402,0%,42%,44%,14%
23/11/2022,8,30594,31756,10435,0%,42%,44%,14%
24/11/2022,29,30869,31884,10483,0%,42%,44%,14%
25/11/2022,38,31403,32028,10526,0%,42%,43%,14%
26/11/2022,26,31595,32147,10580,0%,42%,43%,14%
27/11/2022,20,31770,32284,10627,0%,43%,43%,14%
28/11/2022,12,31890,32412,10664,0%,43%,43%,14%
29/11/2022,3,31867,32532,10704,0%,42%,43%,14%
30/11/2022,4,31773,32658,10767,0%,42%,43%,14%
01/12/2022,7,31598,32985,10885,0%,42%,44%,14%
02/12/2022,5,31571,33077,10921,0%,42%,44%,14%
03/12/2022,4,31600,33209,10975,0%,42%,44%,14%
04/12/2022,12,31670,33332,11017,0%,42%,44%,14%
05/12/2022,8,31711,33423,11055,0%,42%,44%,15%
06/12/2022,19,31764,33542,11091,0%,42%,44%,15%
07/12/2022,21,31971,33683,11146,0%,42%,44%,15%
08/12/2022,18,32241,33827,11199,0%,42%,44%,14%
09/12/2022,22,32401,33967,11259,0%,42%,44%,14%
10/12/2022,12,32532,34144,11341,0%,42%,44%,15%
11/12/2022,29,32784,34314,11403,0%,42%,44%,15%
12/12/2022,21,33037,34458,11450,0%,42%,44%,14%
13/12/2022,24,33208,34594,11522,0%,42%,44%,15%
14/12/2022,6,33241,34793,11621,0%,42%,44%,15%
15/12/2022,13,33307,34949,11707,0%,42%,44%,15%
16/12/2022,13,33328,35093,11759,0%,42%,44%,15%
17/12/2022,7,33390,35282,11812,0%,41%,44%,15%
18/12/2022,13,33494,35448,11864,0%,41%,44%,15%
19/12/2022,10,33585,35572,11904,0%,41%,44%,15%
20/12/2022,16,33770,35736,11958,0%,41%,44%,15%
21/12/2022,24,34051,35899,12017,0%,42%,44%,15%
22/12/2022,10,34187,36074,12066,0%,42%,44%,15%
23/12/2022,19,34297,36247,12127,0%,41%,44%,15%
24/12/2022,20,34403,36407,12189,0%,41%,44%,15%
25/12/2022,22,34692,36579,12251,0%,42%,44%,15%
26/12/2022,25,35050,36681,12283,0%,42%,44%,15%
27/12/2022,19,35317,36773,12327,0%,42%,44%,15%
28/12/2022,12,35468,36894,12364,0%,42%,44%,15%
29/12/2022,10,35568,37017,12407,0%,42%,44%,15%
30/12/2022,11,35696,37153,12462,0%,42%,44%,15%
31/12/2022,19,35984,37153,12462,0%,42%,43%,15%
